Cat√©gorie,Question,R√©ponse,Mots-cl√©s
Identit√©,"Qu'est-ce que CitizenLab Mauritanie ?","AfricTivistes CitizenLab Mauritanie est une fabrique citoyenne qui a pour objectif d'appuyer, d'accompagner et d'outiller les acteurs de la soci√©t√© civile mauritanienne dans la consolidation de la d√©mocratie en Mauritanie.","CitizenLab, Mauritanie, fabrique citoyenne, d√©mocratie"
Identit√©,"CitizenLab Mauritanie c'est quoi exactement ?","C'est votre plateforme d'informations citoyennes en Mauritanie qui promeut la participation citoyenne et la d√©mocratie participative en impulsant de nouvelles dynamiques par l'utilisation de la technologie citoyenne (civic tech).","plateforme, civic tech, participation, Mauritanie"
Identit√©,"Qui a cr√©√© CitizenLab Mauritanie ?","CitizenLab Mauritanie a √©t√© cr√©√© par AfricTivistes, une organisation panafricaine qui f√©d√®re les blogueurs et web-activistes du continent pour promouvoir les valeurs d√©mocratiques, les droits humains et la bonne gouvernance.","AfricTivistes, cr√©ateur, organisation"
Cr√©ation,"Quand CitizenLab Mauritanie a √©t√© lanc√© ?","Le s√©minaire de lancement officiel de CitizenLab Mauritanie a eu lieu le 20 f√©vrier 2023 √† Nouakchott. C'est le premier CitizenLab cr√©√© par AfricTivistes.","20 f√©vrier 2023, lancement, Nouakchott, premier"
Cr√©ation,"Quelle a √©t√© la phase pr√©paratoire ?","D√©cembre 2022: Appel √† candidatures ouvert √† tous les mauritaniens. Janvier 2023: Formation sur l'engagement, la participation citoyenne et les campagnes digitales. F√©vrier 2023: Formation sur la production de contenus. 20 F√©vrier 2023: S√©minaire de lancement.","pr√©paration, 2022-2023, formations, √©tapes"
Premier CitizenLab,"CitizenLab Mauritanie est le premier ?","Oui, CitizenLab Mauritanie a √©t√© le premier CitizenLab cr√©√© par AfricTivistes en 2022-2023, avant ceux du B√©nin, Cameroun, Tchad, Guin√©e et S√©n√©gal.","premier, pionnier, 2023, historique"
Mission,"Quelle est la mission de CitizenLab Mauritanie ?","La mission est de promouvoir la participation citoyenne et la d√©mocratie participative en Mauritanie en impulsant de nouvelles dynamiques par l'utilisation de la technologie citoyenne, et de consolider la d√©mocratie dans le pays.","mission, participation, d√©mocratie, consolidation"
Objectifs,"Quels sont les objectifs de CitizenLab Mauritanie ?","Les objectifs sont: 1) Renforcer la d√©mocratie participative par l'engagement citoyen et la co-construction, 2) Cr√©er un r√©seau citoyen d'acteurs de changement (Think Tank), 3) Fournir une plateforme de contenu, 4) Cr√©er une application mobile en 4 langues locales, 5) Fournir une base de donn√©es d'√©tudes, 6) D√©ployer une strat√©gie de communication.","objectifs, renforcement, r√©seau, application, communication"
Probl√©matique,"Pourquoi CitizenLab Mauritanie est n√©cessaire ?","La Mauritanie est confront√©e √† un d√©ficit d'engagement et d'implication des populations √† la vie politique du pays, ce qui nuit √† la d√©mocratie et √† la transparence. CitizenLab vise √† rem√©dier √† ce probl√®me en encourageant les jeunes √† participer activement.","probl√©matique, d√©ficit, engagement, jeunes"
Contact,"Comment contacter CitizenLab Mauritanie ?","Email: info@africtivistes.org, Localisation: Nouakchott, Mauritanie. Le site bilingue est disponible en fran√ßais et en arabe.","contact, email, Nouakchott, bilingue"
Contact,"O√π se trouve CitizenLab Mauritanie ?","CitizenLab Mauritanie est bas√© √† Nouakchott, capitale de la Mauritanie.","localisation, Nouakchott, Mauritanie"
Contact,"Quel est le site web de CitizenLab Mauritanie ?","Le site web est https://citizenlabmauritanie.org/ et il est disponible en fran√ßais et en arabe.","site web, url, lien, bilingue"
Langues,"Quelles langues sur le site ?","Le site CitizenLab Mauritanie est bilingue: fran√ßais (üá´üá∑) et arabe (üá≤üá∑ ÿßŸéŸÑŸíÿπŸéÿ±Ÿéÿ®ŸêŸäŸéŸëÿ©Ÿè). L'application mobile est pr√©vue en 4 langues locales.","langues, fran√ßais, arabe, bilingue, 4 langues"
√âquipe,"Combien de membres dans l'√©quipe ?","L'√©quipe de CitizenLab Mauritanie est compos√©e de 17 jeunes engag√©s form√©s et recrut√©s suite √† l'appel √† candidatures de d√©cembre 2022.","√©quipe, 17 jeunes, membres"
Think Tank,"Qu'est-ce que le Think Tank citoyen ?","CitizenLab Mauritanie vise √† cr√©er un r√©seau citoyen d'acteurs de changement en Mauritanie √† travers la mise en place d'un Think Tank citoyen pour r√©fl√©chir et d√©battre des questions de d√©mocratie participative.","Think Tank, r√©seau, acteurs changement"
Application Mobile,"Qu'est-ce que l'application mobile ?","CitizenLab Mauritanie d√©veloppe une application mobile exclusivement audio en 4 langues locales pour sensibiliser les citoyens sur les questions pertinentes li√©es √† la d√©mocratie participative, favorisant ainsi l'inclusion.","application mobile, audio, 4 langues, inclusion"
Langues Locales,"Quelles sont les 4 langues locales ?","L'application mobile de CitizenLab sera disponible en 4 langues locales de Mauritanie pour assurer l'accessibilit√© et l'inclusion de toutes les communaut√©s dans la participation citoyenne.","langues locales, 4 langues, accessibilit√©, inclusion"
Plateforme Contenu,"Qu'est-ce que la plateforme de contenu ?","CitizenLab fournit une plateforme de contenu pour les membres du Think Tank citoyen afin de partager des informations et de lancer des d√©bats sur les questions pertinentes li√©es √† la d√©mocratie participative en Mauritanie.","plateforme, contenu, partage, d√©bats"
Base Donn√©es,"Qu'est-ce que la base de donn√©es ?","CitizenLab Mauritanie fournit une base de donn√©es d'√©tudes et de rapports sur les questions pertinentes li√©es √† la d√©mocratie participative en Mauritanie, qui est disponible et t√©l√©chargeable pour le public.","base donn√©es, √©tudes, rapports, t√©l√©chargeable"
Strat√©gie Communication,"Quelle est la strat√©gie de communication ?","CitizenLab d√©ploie une strat√©gie de communication sur l'engagement citoyen et la co-construction sur Internet et sur les m√©dias classiques, notamment √† travers l'organisation de 4 plateaux t√©l√© et 10 √©missions radios.","strat√©gie, communication, 4 TV, 10 radios"
M√©dias,"CitizenLab utilise quels m√©dias ?","CitizenLab Mauritanie utilise Internet (site web, r√©seaux sociaux) et les m√©dias classiques (4 plateaux t√©l√© et 10 √©missions radio) pour diffuser ses messages sur la participation citoyenne.","m√©dias, Internet, t√©l√©, radio"
Formations,"Quelles formations CitizenLab propose ?","Janvier 2023: Formation sur l'engagement et la participation citoyenne et les campagnes digitales pour renforcer la d√©mocratie. F√©vrier 2023: Formation sur la collecte, la production et la v√©rification de contenus m√©diatiques.","formations, janvier 2023, f√©vrier 2023, comp√©tences"
Formation Janvier,"Qu'est-ce que la formation de janvier 2023 ?","Formation sur l'engagement et la participation citoyenne et les campagnes digitales pour renforcer la d√©mocratie, outiller les acteurs engag√©s pour relever les d√©fis li√©s √† la consolidation de la d√©mocratie dans le pays.","formation, janvier 2023, engagement, campagnes digitales"
Formation F√©vrier,"Qu'est-ce que la formation de f√©vrier 2023 ?","Formation sur la collecte, la production et la v√©rification de contenus m√©diatiques, ainsi que sur l'utilisation de la plateforme du projet d√©di√© √† la citoyennet√© et au renforcement de la d√©mocratie.","formation, f√©vrier 2023, contenus, v√©rification"
Actualit√©s,"Quelles sont les derni√®res actualit√©s ?","Actualit√©s r√©centes: formation citoyennet√© num√©rique (sept-oct 2025), forum pr√©-sommet climat Addis-Abeba (sept 2025), articles sur l'ind√©pendance mauritanienne (28 novembre 1960), implication des jeunes, guide de l'√©lecteur.","actualit√©s, 2025, formation, climat, ind√©pendance"
Formation 2025,"Quelle formation en 2025 ?","Du 30 septembre au 4 octobre 2025, CitizenLab Mauritanie, en partenariat avec l'Ambassade du Royaume des Pays-Bas √† Dakar, a organis√© une session de formation pour 10 jeunes mauritaniens sur la citoyennet√© √† travers le num√©rique dans le cadre du projet 'Citoyennet√© num√©rique et engagement civique'.","formation 2025, septembre, octobre, 10 jeunes, Pays-Bas"
Projet Pays-Bas,"Qu'est-ce que le projet avec les Pays-Bas ?","Le projet 'Citoyennet√© num√©rique et engagement civique : Autonomiser la jeunesse' est un partenariat entre CitizenLab Mauritanie et l'Ambassade du Royaume des Pays-Bas √† Dakar pour former les jeunes mauritaniens.","projet, Pays-Bas, partenariat, citoyennet√© num√©rique"
Climat,"CitizenLab et le climat ?","CitizenLab Mauritanie a particip√© au forum pr√©-sommet du 2√®me Sommet africain sur le climat √† Addis-Abeba (6-7 septembre 2025), o√π m√©dias, d√©cideurs et soci√©t√© civile se sont rencontr√©s pour r√©fl√©chir au r√¥le des m√©dias dans le triptyque climat, paix et s√©curit√©.","climat, Addis-Abeba, septembre 2025, m√©dias, sommet"
Sommet Climat,"Qu'est-ce que le sommet climat ?","Le forum pr√©-sommet du 2√®me Sommet africain sur le climat s'est tenu √† Addis-Abeba les 6-7 septembre 2025, organis√© par le D√©partement des Affaires Politiques, de la Paix et de la S√©curit√© de l'Union Africaine, r√©unissant m√©dias et soci√©t√© civile.","sommet, climat, septembre 2025, Union Africaine"
Ind√©pendance,"Quelle date d'ind√©pendance de la Mauritanie ?","La Mauritanie est devenue ind√©pendante le 28 novembre 1960. CitizenLab a publi√© des contenus sur cette date fondatrice, symbole de libert√© et de souverainet√©, dont la m√©moire reste contrast√©e entre c√©l√©bration nationale et souvenirs douloureux.","ind√©pendance, 28 novembre 1960, histoire, comm√©moration"
65 Ans,"Que veut la jeunesse mauritanienne ?","Article CitizenLab: 65 ans apr√®s l'ind√©pendance, la jeunesse mauritanienne, entre espoir et d√©termination, r√©clame plus qu'un h√©ritage - elle veut des opportunit√©s, une libert√© r√©elle et un avenir √† construire.","jeunesse, 65 ans, opportunit√©s, libert√©, avenir"
Walfadjiri,"Qu'est-ce que le groupe Walfadjiri ?","Walfadjiri est un groupe musical mauritanien qui allie engagement et musique. CitizenLab a produit une vid√©o (r√©alis√©e par L√©na Di√®ye) mettant en lumi√®re ce groupe qui utilise la musique comme outil d'engagement citoyen.","Walfadjiri, musique, engagement, vid√©o, L√©na Di√®ye"
Productions,"Quelles productions CitizenLab r√©alise ?","CitizenLab Mauritanie produit: spots radio, spots TV (dont en langue Poulaar), vid√©os sur l'implication des jeunes, interviews, contenus sur la participation citoyenne, guide de l'√©lecteur.","productions, spots, vid√©os, contenus, m√©dias"
Spot Radio,"Qu'est-ce que le spot radio ?","CitizenLab Mauritanie a produit un spot radio r√©alis√© par l'√©quipe pour sensibiliser √† la participation citoyenne et promouvoir les activit√©s de l'organisation.","spot radio, production, sensibilisation"
Spot TV Poulaar,"Qu'est-ce que le spot TV Poulaar ?","CitizenLab a r√©alis√© un spot TV en langue Poulaar sur le Guide de l'√©lecteur mauritanien, garantissant l'accessibilit√© de l'information √©lectorale aux communaut√©s parlant cette langue.","spot TV, Poulaar, guide √©lecteur, langue locale"
Guide √âlecteur,"Qu'est-ce que le guide de l'√©lecteur ?","CitizenLab Mauritanie a d√©velopp√© un guide de l'√©lecteur mauritanien, diffus√© notamment via un spot TV en Poulaar, pour informer et √©duquer les citoyens sur le processus √©lectoral.","guide, √©lecteur, √©ducation, √©lections"
Implication Jeunes,"Qu'est-ce que la vid√©o sur l'implication des jeunes ?","CitizenLab a produit une vid√©o r√©alis√©e par Dji√©foulbe Ba sur l'implication des jeunes dans la vie politique mauritanienne, encourageant leur participation active √† la d√©mocratie.","vid√©o, jeunes, politique, Dji√©foulbe Ba"
Civic Tech,"Qu'est-ce que la Civic Tech ?","La Civic Tech d√©signe les technologies et les d√©marches qui favorisent et renforcent le r√¥le jou√© par les citoyens dans la consolidation des d√©bats publics. Elles sont souvent utilis√©es par les jeunes pour s'engager politiquement et participer √† la vie de leur pays.","Civic Tech, technologie, d√©bats publics"
Mobilisations,"Comment les Civic Tech permettent les mobilisations ?","Les Civic Tech ont permis des mobilisations importantes en Afrique en donnant une voix aux citoyens et en permettant des √©changes d'informations en temps r√©el. Elles ont notamment √©t√© utilis√©es lors des campagnes √©lectorales et pour organiser des manifestations.","mobilisations, Civic Tech, campagnes, manifestations"
Valeurs,"Quelles sont les valeurs de CitizenLab ?","Les valeurs fondamentales sont: la participation citoyenne, la d√©mocratie participative, l'engagement citoyen, la co-construction, la transparence, l'inclusion, la diversit√©, le dialogue, la responsabilisation.","valeurs, d√©mocratie, participation, transparence, inclusion"
Droits,"Quels droits CitizenLab d√©fend ?","CitizenLab d√©fend: les droits et libert√©s fondamentaux (vie, libert√© de pens√©e, d'expression, de religion), l'√©galit√© devant la loi, la participation politique (vote, candidature, p√©tition, manifestation), les droits humains.","droits, libert√©s, √©galit√©, participation politique"
Citoyennet√©,"C'est quoi la citoyennet√© selon CitizenLab ?","La citoyennet√© comprend: les droits et libert√©s, la participation politique, l'engagement civique, l'√©ducation civique, la responsabilit√© citoyenne, le respect de la diversit√©, le dialogue et la d√©lib√©ration, la responsabilisation des dirigeants, la participation √©conomique.","citoyennet√©, droits, participation, responsabilit√©"
Engagement,"Qu'est-ce que l'engagement civique ?","L'engagement civique inclut les actions pour am√©liorer la communaut√©: b√©n√©volat, service communautaire, participation aux groupes de quartier, prise de responsabilit√© pour am√©liorer la qualit√© de vie dans son environnement.","engagement, b√©n√©volat, communaut√©, actions"
√âducation Civique,"Pourquoi l'√©ducation civique est importante ?","L'√©ducation civique est essentielle car elle donne aux citoyens les connaissances, les comp√©tences et les valeurs n√©cessaires pour participer efficacement √† la vie politique et civique.","√©ducation civique, formation, comp√©tences"
Responsabilit√©s,"Quelles responsabilit√©s ont les citoyens ?","Les citoyens ont des responsabilit√©s: respecter les lois, voter, payer des imp√¥ts, respecter les droits des autres, √™tre tol√©rants, prot√©ger l'environnement, participer √† la vie communautaire.","responsabilit√©s, devoirs, citoyens"
Diversit√©,"Comment CitizenLab aborde la diversit√© ?","La diversit√© est une r√©alit√© de la soci√©t√© mauritanienne. CitizenLab promeut le respect des diff√©rences culturelles, religieuses et ethniques, ainsi que l'inclusion et l'√©galit√©, notamment via l'application mobile en 4 langues locales.","diversit√©, inclusion, √©galit√©, respect, langues"
Dialogue,"Pourquoi le dialogue est important ?","Le dialogue et la d√©lib√©ration sont essentiels car ils permettent aux citoyens de discuter de questions importantes, partager des opinions et trouver des solutions ensemble de mani√®re constructive.","dialogue, d√©lib√©ration, discussion, solutions"
Responsabilisation,"Qu'est-ce que la responsabilisation ?","La responsabilisation implique que les gouvernements et dirigeants soient responsables de leurs actions, rendent des comptes √† la population et respectent les droits des citoyens.","responsabilisation, redevabilit√©, gouvernants"
√âconomie,"C'est quoi la participation √©conomique ?","La participation √† la vie √©conomique implique la participation √† l'√©conomie, la compr√©hension de son fonctionnement et de ses impacts, ainsi que la promotion de l'√©quit√© √©conomique.","√©conomie, participation √©conomique, √©quit√©"
Impact,"Quel est l'impact de CitizenLab Mauritanie ?","L'impact inclut: 1 application mobile inclusive, 4 langues locales, 17 jeunes engag√©s form√©s, 1,73 million d'internautes touch√©s en Mauritanie, cr√©ation d'un r√©seau citoyen.","impact, 1 app, 4 langues, 17 jeunes, 1.73M internautes"
Internautes,"Combien d'internautes en Mauritanie ?","Il y a 1,73 million d'internautes en Mauritanie que CitizenLab vise √† toucher avec ses contenus et initiatives sur la participation citoyenne.","internautes, 1.73M, Mauritanie, port√©e"
Application Inclusive,"Pourquoi l'application est inclusive ?","L'application mobile est inclusive car elle est exclusivement audio (accessible aux personnes analphab√®tes) et disponible en 4 langues locales mauritaniennes, garantissant l'acc√®s √† tous.","application, inclusive, audio, 4 langues, accessibilit√©"
Co-construction,"Qu'est-ce que la co-construction ?","La co-construction est une approche participative o√π citoyens, soci√©t√© civile et autorit√©s travaillent ensemble pour √©laborer des solutions et des politiques publiques. CitizenLab favorise cette approche en Mauritanie.","co-construction, participation, collaboration, √©laboration"
Vision Mauritanie,"Quelle vision pour la Mauritanie ?","La vision de CitizenLab est une Mauritanie o√π la d√©mocratie participative et la gouvernance ouverte sont des r√©alit√©s, avec des citoyens inform√©s, engag√©s et participant activement aux d√©cisions publiques.","vision, Mauritanie, d√©mocratie, gouvernance"
D√©mocratie,"Qu'est-ce que la d√©mocratie participative ?","Pour CitizenLab, la d√©mocratie participative implique que les citoyens ne se contentent pas de voter, mais participent activement √† l'√©laboration des politiques publiques, aux d√©bats, et aux d√©cisions qui affectent leur vie.","d√©mocratie participative, participation, politiques"
Consolidation,"Comment consolider la d√©mocratie ?","La consolidation passe par: l'√©ducation civique, la participation active, l'engagement citoyen, la responsabilisation des dirigeants, l'utilisation des technologies civiques, la formation, la sensibilisation, le dialogue.","consolidation, d√©mocratie, √©ducation, engagement"
Afrique,"CitizenLab a une dimension africaine ?","Oui, CitizenLab s'inscrit dans le r√©seau panafricain AfricTivistes et promeut des valeurs d√©mocratiques communes tout en abordant les enjeux sp√©cifiques √† la Mauritanie.","Afrique, panafricain, r√©seau, AfricTivistes"
Innovation,"Comment CitizenLab innove ?","CitizenLab innove via: application mobile audio multilingue, Think Tank citoyen, plateforme de contenu participative, base de donn√©es accessible, strat√©gie m√©dias mixte (num√©rique + classique), formations pratiques.","innovation, application, Think Tank, num√©rique"
Outils,"Quels outils CitizenLab d√©veloppe ?","CitizenLab d√©veloppe: une application mobile en 4 langues, une plateforme web de contenu, une base de donn√©es d'√©tudes, des spots radio/TV, des vid√©os √©ducatives, des guides (√©lecteur).","outils, application, plateforme, base donn√©es, contenus"
Contenus,"O√π trouver les contenus de CitizenLab ?","Les contenus sont disponibles sur le site citizenlabmauritanie.org dans les sections: Actualit√©s, Publications, M√©diath√®que, Interviews, avec des articles, vid√©os, podcasts et spots.","contenus, site web, actualit√©s, publications, m√©diath√®que"
Publications,"Qu'est-ce que la section Publications ?","La section Publications contient des √©tudes, rapports et analyses sur les questions li√©es √† la d√©mocratie participative en Mauritanie, disponibles et t√©l√©chargeables.","publications, √©tudes, rapports, t√©l√©chargement"
M√©diath√®que,"Qu'est-ce que la M√©diath√®que ?","La M√©diath√®que regroupe les contenus audiovisuels de CitizenLab: vid√©os, spots TV, spots radio, podcasts, interviews, documentaires sur la participation citoyenne en Mauritanie.","m√©diath√®que, vid√©os, audio, contenus multim√©dias"
Interviews,"CitizenLab fait des interviews ?","Oui, CitizenLab produit des interviews avec des acteurs de la d√©mocratie, de la soci√©t√© civile, des jeunes engag√©s, disponibles dans la section 'Les interviews'.","interviews, t√©moignages, acteurs, soci√©t√© civile"
Initiatives,"Quelles sont les initiatives de CitizenLab ?","Les initiatives incluent: Think Tank citoyen, application mobile multilingue, formations, productions m√©diatiques, partenariats (Pays-Bas), participation aux sommets internationaux (climat), sensibilisation √©lectorale.","initiatives, Think Tank, formation, m√©dias, partenariats"
Partenaires,"Qui sont les partenaires ?","Les partenaires incluent: AfricTivistes (porteur du projet), Ambassade du Royaume des Pays-Bas √† Dakar (projet citoyennet√© num√©rique), et potentiellement d'autres partenaires pour les diff√©rentes initiatives.","partenaires, AfricTivistes, Pays-Bas, collaboration"
D√©fis Mauritanie,"Quels d√©fis en Mauritanie ?","Les d√©fis incluent: d√©ficit d'engagement et d'implication des populations √† la vie politique, manque de transparence, faible participation citoyenne, n√©cessit√© d'inclusion des communaut√©s linguistiques diverses.","d√©fis, engagement, transparence, participation, inclusion"
Solutions,"Quelles solutions CitizenLab propose ?","CitizenLab propose: formations pratiques, outils num√©riques accessibles (app multilingue), cr√©ation de r√©seau (Think Tank), production de contenus adapt√©s, strat√©gie m√©dias mixte, base de donn√©es accessible.","solutions, formations, outils, r√©seau, contenus"
Jeunesse,"Pourquoi cibler les jeunes ?","Les jeunes sont au c≈ìur du projet car ils repr√©sentent l'avenir de la d√©mocratie mauritanienne. Leur donner les outils et la formation pour s'engager activement est essentiel pour consolider la d√©mocratie.","jeunesse, jeunes, avenir, formation, engagement"
Audio,"Pourquoi le format audio ?","Le format audio de l'application permet d'atteindre les personnes analphab√®tes et celles qui n'ont pas acc√®s √† l'√©crit, garantissant une inclusion maximale dans la sensibilisation √† la participation citoyenne.","audio, accessibilit√©, analphab√©tisme, inclusion"
Multilinguisme,"Pourquoi 4 langues locales ?","Les 4 langues locales permettent d'atteindre toutes les communaut√©s mauritaniennes dans leurs langues maternelles, favorisant la compr√©hension et l'appropriation des messages sur la d√©mocratie participative.","4 langues, communaut√©s, compr√©hension, appropriation"
Transparence,"Comment promouvoir la transparence ?","CitizenLab promeut la transparence via: sensibilisation des citoyens, formation au contr√¥le citoyen, responsabilisation des dirigeants, partage d'information, encouragement du d√©bat public, production de contenus √©ducatifs.","transparence, sensibilisation, contr√¥le, information"
D√©bat Public,"Comment favoriser le d√©bat public ?","Via la plateforme de contenu du Think Tank, les productions m√©diatiques (4 plateaux TV, 10 √©missions radio), les r√©seaux sociaux, et en cr√©ant des espaces o√π les citoyens peuvent discuter des enjeux d√©mocratiques.","d√©bat public, plateforme, m√©dias, discussion"
Plateaux TV,"Qu'est-ce que les 4 plateaux TV ?","Dans le cadre de la strat√©gie de communication, CitizenLab organise 4 plateaux t√©l√© pour d√©battre de l'engagement citoyen et de la co-construction en Mauritanie.","plateaux TV, 4, t√©l√©vision, d√©bats"
√âmissions Radio,"Qu'est-ce que les 10 √©missions radio ?","Dans le cadre de la strat√©gie de communication, CitizenLab diffuse 10 √©missions radio pour sensibiliser sur l'engagement citoyen et la d√©mocratie participative en Mauritanie.","√©missions radio, 10, radio, sensibilisation"
M√©dias Classiques,"Pourquoi utiliser les m√©dias classiques ?","Les m√©dias classiques (t√©l√©, radio) permettent d'atteindre une large audience en Mauritanie, y compris ceux qui n'ont pas acc√®s √† Internet, compl√©tant ainsi la strat√©gie num√©rique.","m√©dias classiques, t√©l√©, radio, port√©e, compl√©mentarit√©"
Internet Mauritanie,"Quel usage d'Internet en Mauritanie ?","Avec 1,73 million d'internautes en Mauritanie, CitizenLab utilise Internet (site web, r√©seaux sociaux, plateforme de contenu) comme canal important de sensibilisation et d'engagement citoyen.","Internet, 1.73M, usage, sensibilisation"
